TMP_average,flow_feed,conductivity,RTS,temp_average,flux
54004.766,0.009327541,4.7678704,7.992932,291.75406,1.4660439547920629e-06
54116.473,0.009248357,4.76637,7.993019,291.75214,1.4723202466009727e-06
54228.18,0.009198412,4.7648687,8.012278,291.75024,1.4101899196799024e-06
54339.887,0.009160236,4.763368,8.037834,291.74832,1.4055961243813648e-06
54516.883,0.009210448,4.7540207,8.065409,291.74643,1.4539013874717224e-06
54693.883,0.009263062,4.7423577,8.098059,291.74448,1.467763270105959e-06
54870.88,0.009317101,4.7423577,8.130979,291.74258,1.4686389667498968e-06
55047.875,0.009371295,4.7423577,8.1638975,291.7407,1.4997738316059952e-06
55224.87,0.009433456,4.7423577,8.197146,291.73877,1.5103988269166114e-06
55394.52,0.0095074,4.7423577,8.231163,291.7368,1.5232933431890361e-06
55492.34,0.009522953,4.7423577,8.262916,291.7345,1.5288051792339625e-06
55590.16,0.009532877,4.7423577,8.294102,291.7322,1.5437468419354385e-06
55687.984,0.009541032,4.7423577,8.325288,291.72992,1.5140221931921424e-06
55785.81,0.009546426,4.7423577,8.356474,291.7276,1.5054530486392252e-06
55883.63,0.009547148,4.7423577,8.38766,291.72534,1.534591023216148e-06
55974.668,0.009548007,4.7423577,8.418846,291.72302,1.5028593348012427e-06
56006.246,0.009548707,4.7423577,8.450032,291.72107,1.5059154340560765e-06
56038.227,0.00954904,4.7423577,8.481218,291.7192,1.4995255429669242e-06
56070.21,0.009549525,4.7423577,8.512404,291.71735,1.5154358777092026e-06
56102.19,0.009550477,4.7423577,8.543591,291.71545,1.5201052234168102e-06
56134.17,0.00955192,4.7423577,8.568996,291.7136,1.5274402445643084e-06
56166.152,0.009553393,4.743038,8.590067,291.71173,1.5025448180667474e-06
56191.062,0.009550192,4.74644,8.616922,291.7102,1.5155849497773468e-06
56210.55,0.0095459595,4.749841,8.6422825,291.70886,1.5169599823386342e-06
56230.03,0.00954223,4.7540207,8.66415,291.70752,1.5443844687999618e-06
56249.52,0.009538571,4.7613096,8.688206,291.70615,1.5098459628825886e-06
56269.0,0.009535148,4.768211,8.702785,291.7048,1.5430667741812884e-06
56288.484,0.009532597,4.7750134,8.720552,291.70343,1.4901100040207606e-06
56301.3,0.00953459,4.7818174,8.735586,291.7021,1.5309697877140302e-06
56310.348,0.009536848,4.789458,8.747128,291.7007,1.5365797483459239e-06
56319.395,0.0095385285,4.7997613,8.755631,291.69934,1.5167100965609126e-06
56328.445,0.00954035,4.813793,8.765837,291.69803,1.5464056696458229e-06
56337.492,0.0095421625,4.826353,8.775192,291.69666,1.5313712846015699e-06
56346.54,0.009544148,4.8342037,8.780861,291.6953,1.5117475531431612e-06
56351.938,0.009546669,4.8420534,8.77977,291.69394,1.480769441132326e-06
56355.777,0.009547495,4.8499036,8.773491,291.6926,1.5154048174814196e-06
56359.617,0.009547327,4.8487816,8.769117,291.69122,1.53312792605335e-06
56363.453,0.009547157,4.8342037,8.758183,291.68985,1.538007004166815e-06
56367.29,0.009547046,4.8100824,8.755498,291.6885,1.5185779231491975e-06
56371.125,0.009547209,4.772973,8.75308,291.68713,1.5191166814805341e-06
56374.965,0.009547642,4.721947,8.75308,291.68634,1.4945226431887015e-06
56378.8,0.009547435,4.6927905,8.749253,291.68567,1.5030022404989157e-06
56382.64,0.009547002,4.6658196,8.743787,291.685,1.5374636485720343e-06
56386.477,0.009546923,4.642575,8.738319,291.68433,1.5301316726485008e-06
56390.312,0.009546206,4.627186,8.737773,291.6837,1.550696522818359e-06
56394.152,0.009543135,4.6113925,8.736315,291.68298,1.518458083988155e-06
56398.637,0.009540129,4.594384,8.733399,291.6821,1.5021695869688433e-06
56403.406,0.009537642,4.5892816,8.730483,291.6809,1.522716844868002e-06
56408.17,0.009537554,4.5892816,8.727568,291.67966,1.5365824254665935e-06
56412.94,0.009537467,4.5845714,8.724651,291.67847,1.5472876476903375e-06
56417.707,0.009537379,4.579077,8.721736,291.67725,1.5487791973463805e-06
56422.477,0.009537398,4.579077,8.718821,291.67603,1.5261159252007779e-06
56428.33,0.009537417,4.5869265,8.717362,291.6748,1.5263959471206443e-06
56436.707,0.009537027,4.599487,8.717084,291.6736,1.5113221694459272e-06
56445.082,0.009535084,4.602402,8.7156925,291.67236,1.5470758033727165e-06
56453.465,0.009533944,4.6096916,8.714301,291.67117,1.5055598726722574e-06
56461.844,0.009532804,4.6180563,8.712909,291.66995,1.548856836895004e-06
56470.22,0.009532441,4.6264215,8.711518,291.66876,1.536061250968891e-06
56478.6,0.009532227,4.634786,8.710126,291.6677,1.4840160540125722e-06
56486.977,0.009531605,4.643151,8.7087345,291.6668,1.5329221578186031e-06
56495.355,0.0095303925,4.6515155,8.707343,291.66595,1.5309671188049856e-06
56503.734,0.009529034,4.6598806,8.705951,291.66507,1.4845941599372943e-06
56512.11,0.009527675,4.6738377,8.704559,291.6642,1.5318306323886444e-06
56520.492,0.009525556,4.6848607,8.703168,291.66333,1.516659498813147e-06
56528.87,0.009511817,4.692328,8.7017765,291.66254,1.5000209082094033e-06
56537.246,0.009486762,4.699795,8.700385,291.66205,1.5160650665585472e-06
56545.625,0.009462373,4.707262,8.698994,291.6615,1.5140203791037117e-06
56554.008,0.009439541,4.7117424,8.697601,291.661,1.502796088478127e-06
56562.383,0.009415557,4.7117424,8.696211,291.66046,1.4709883488231376e-06
56570.76,0.009388211,4.7117424,8.694819,291.65997,1.4571389010094685e-06
56579.12,0.0093695,4.7095556,8.693427,291.6597,1.4881404654028761e-06
56587.457,0.0093891425,4.702266,8.692035,291.6597,1.5282470017220392e-06
56595.793,0.009409015,4.6983705,8.690643,291.6597,1.4869193385798237e-06
56604.13,0.009428659,4.6948514,8.689252,291.65973,1.504012443026365e-06
56612.46,0.009448247,4.6913323,8.6878605,291.65973,1.4859072310632737e-06
56620.797,0.009467835,4.683482,8.686469,291.65973,1.494617515284319e-06
56569.88,0.009486802,4.677159,8.685078,291.65967,1.517175711216201e-06
56430.07,0.009475003,4.6714892,8.683685,291.65915,1.4756199875586607e-06
56290.254,0.0094601335,4.6658196,8.682294,291.65866,1.4962612474107001e-06
56150.44,0.009448837,4.66015,8.680902,291.65817,1.4723210998120626e-06
56010.62,0.009438902,4.654481,8.679511,291.65765,1.4833240179452841e-06
55870.805,0.009428968,4.6488113,8.67812,291.65714,1.4714872607264256e-06
55730.992,0.009415929,4.6431417,8.676727,291.6566,1.497033564217364e-06
55719.637,0.009395648,4.636662,8.675336,291.6559,1.4745416342941539e-06
55708.28,0.009375366,4.629565,8.673944,291.65524,1.4593145645768039e-06
55696.926,0.009355886,4.6241937,8.672553,291.65457,1.5076885260767531e-06
55685.57,0.00933695,4.621354,8.67144,291.6539,1.479071819187814e-06
55674.215,0.009320184,4.628644,8.67144,291.65326,1.502748686003906e-06
55662.855,0.009303463,4.6308303,8.670262,291.65262,1.479177550021702e-06
55651.5,0.00928656,4.63812,8.66879,291.65213,1.4752239918948217e-06
55640.145,0.009268907,4.643879,8.667318,291.6517,1.4439399062186598e-06
55628.707,0.0092504,4.648981,8.665846,291.6513,1.4562604454513717e-06
55617.16,0.009231438,4.6540837,8.664374,291.65088,1.4652967331326842e-06
55605.55,0.009212303,4.6591864,8.662903,291.65042,1.4192874153779708e-06
55600.395,0.009178902,4.6658196,8.66143,291.65,1.4620377949070408e-06
55621.06,0.0091468515,4.6716876,8.659959,291.6496,1.4621121314457005e-06
55641.723,0.009125396,4.674239,8.658486,291.6492,1.4207396120463193e-06
55662.387,0.009108888,4.6767898,8.657016,291.64883,1.4285353620569356e-06
55683.047,0.009100298,4.6793413,8.659048,291.64844,1.4458117378548946e-06
55703.71,0.009096595,4.681127,8.666337,291.64804,1.4266851516541441e-06
55724.38,0.009109153,4.681127,8.665741,291.64767,1.4330812927249969e-06
55643.023,0.009145967,4.681127,8.665146,291.64725,1.4265847475176175e-06
55550.332,0.009179205,4.681127,8.664551,291.64685,1.4235948895709504e-06
55457.645,0.009209512,4.6738377,8.663955,291.64648,1.462375029672275e-06
55364.953,0.009234531,4.6716685,8.663359,291.6461,1.4159812278741823e-06
55272.26,0.009241993,4.6729136,8.662764,291.64572,1.485478720243103e-06
55179.57,0.009246557,4.674158,8.662168,291.6454,1.4535690216230985e-06
55141.617,0.009240685,4.6754026,8.6615715,291.6458,1.4422049291035571e-06
55103.664,0.009232105,4.6766467,8.660976,291.6462,1.4486725849989537e-06
55065.71,0.009223097,4.6778913,8.660381,291.64667,1.5180934442294e-06
55027.754,0.009210773,4.6791363,8.659785,291.64706,1.4581565589634168e-06
54989.805,0.009198518,4.680381,8.659189,291.6475,1.4472432157931858e-06
54951.605,0.009191943,4.6782117,8.658594,291.6479,1.4619475114603832e-06
54911.25,0.009190258,4.6709223,8.657998,291.64777,1.4807921682694857e-06
54870.89,0.009189777,4.6782117,8.657403,291.64743,1.4131465068867798e-06
54830.53,0.009187848,4.663633,8.656807,291.6471,1.46584350219802e-06
54790.17,0.009184162,4.65875,8.656212,291.64676,1.4447172901938898e-06
54749.816,0.0091793835,4.656291,8.655616,291.64645,1.441180254476814e-06
54709.457,0.009174968,4.653832,8.65502,291.64612,1.4301012785053158e-06
54704.164,0.009171849,4.6513724,8.654425,291.64578,1.4529042553295572e-06
54698.78,0.009168167,4.6489134,8.653829,291.64545,1.4158234942426514e-06
54693.402,0.009164406,4.6464543,8.653234,291.6451,1.4360561695100926e-06
54688.023,0.009161032,4.643996,8.6526375,291.64478,1.4402563831410645e-06
54682.64,0.009157024,4.6415367,8.652042,291.64447,1.4616184339475753e-06
54677.266,0.009152245,4.6403065,8.651446,291.64417,1.443223538141141e-06
54674.668,0.009147136,4.6403065,8.65085,291.64377,1.4220386960648006e-06
54673.27,0.00914263,4.643223,8.650255,291.6434,1.454213031759606e-06
54671.875,0.009138569,4.650512,8.649659,291.64304,1.4306862528384788e-06
54670.477,0.009135123,4.6554904,8.649064,291.64264,1.4278885884865254e-06
54669.08,0.009132134,4.6604686,8.648468,291.64227,1.437132971160175e-06
54667.676,0.009129145,4.6654463,8.647873,291.6419,1.4342635066938466e-06
54666.293,0.0091261985,4.6704245,8.647277,291.6416,1.4489358624050076e-06
54664.914,0.009123255,4.6774826,8.646681,291.6414,1.4442647440722118e-06
54663.53,0.0091203125,4.6824355,8.646087,291.6411,1.421396163554623e-06
54662.152,0.009117286,4.6850524,8.64549,291.64087,1.427406147999631e-06
54660.773,0.009114202,4.6876693,8.644895,291.64062,1.3983749545671392e-06
54659.39,0.009111119,4.6902857,8.644299,291.64038,1.4076600928808448e-06
54659.66,0.009108026,4.6869583,8.643703,291.64014,1.4130883094020394e-06
54660.336,0.00910494,4.681127,8.643107,291.6399,1.4529719097763503e-06
54661.016,0.0091019105,4.6782117,8.642511,291.63968,1.3957522480062247e-06
54661.695,0.009098896,4.6709223,8.641916,291.6394,1.3969846988155452e-06
54662.37,0.009095911,4.669464,8.64132,291.63916,1.4135469871242284e-06
54663.055,0.009092943,4.6621747,8.640725,291.63895,1.4149238280130113e-06
54663.543,0.009091279,4.660717,8.64013,291.6387,1.4337472375172064e-06
54663.754,0.009089465,4.660717,8.639534,291.6385,1.4368409313455804e-06
54663.96,0.00908822,4.660717,8.638938,291.6383,1.4421672092963282e-06
54664.17,0.009086933,4.660717,8.638342,291.6381,1.4441276075318153e-06
54664.383,0.009084985,4.660717,8.637747,291.63794,1.4073884539710748e-06
54664.59,0.009083036,4.660717,8.637151,291.63773,1.4162693794230355e-06
54664.8,0.009081331,4.6658196,8.636556,291.63745,1.408178017905409e-06
54665.01,0.009079648,4.6709223,8.63596,291.63712,1.437506401697127e-06
54665.223,0.009077966,4.6709223,8.633535,291.63678,1.4020621992670361e-06
54665.43,0.009076284,4.6709223,8.630653,291.63647,1.4411809060956775e-06
54665.637,0.009074602,4.6709223,8.630818,291.63614,1.4223720046042439e-06
54665.848,0.009072534,4.6709223,8.630983,291.6358,1.4356784146737483e-06
54666.055,0.0090694055,4.6709223,8.631149,291.63547,1.3990344889155232e-06
54666.266,0.009067686,4.6709223,8.631315,291.63513,1.4295252933074693e-06
54666.48,0.009066198,4.6709223,8.631481,291.63477,1.4096832999631888e-06
54666.688,0.009064511,4.6709223,8.631646,291.63443,1.4324022877856203e-06
54666.895,0.009063099,4.6709223,8.631812,291.6341,1.4304190390821313e-06
54667.105,0.009061686,4.6650906,8.631978,291.63376,1.4311408930412735e-06
54495.402,0.009060282,4.661164,8.632144,291.63437,1.4462384140383774e-06
54151.79,0.009038405,4.6622815,8.632309,291.6359,1.4354654491341948e-06
53808.176,0.00901332,4.6633987,8.632475,291.63742,1.401797240524224e-06
53464.562,0.008987957,4.664516,8.63264,291.63898,1.4164541236137277e-06
53120.945,0.008960722,4.665633,8.632806,291.6405,1.4039718736592233e-06
52777.336,0.008942395,4.666751,8.632972,291.64206,1.4130407803907867e-06
52449.836,0.008927537,4.667868,8.633137,291.64407,1.4079774285977274e-06
52267.402,0.008915751,4.6689854,8.633303,291.65054,1.4076729953946494e-06
52046.75,0.00890508,4.670103,8.633469,291.65698,1.3879107164427812e-06
51736.91,0.008892567,4.6712203,8.633635,291.66345,1.4028482528454975e-06
51330.824,0.0088728955,4.6723375,8.6338,291.6699,1.353406042345239e-06
50823.848,0.008860355,4.673455,8.6339655,291.6763,1.378852708441002e-06
50452.55,0.008762716,4.674572,8.634131,291.68335,1.3565177361992489e-06
50316.0,0.00877606,4.675689,8.634297,291.6915,1.3355002322082045e-06
50179.45,0.0088001145,4.6768064,8.634463,291.69965,1.3598595263082101e-06
50042.9,0.008801518,4.677924,8.634628,291.70782,1.3531217158150563e-06
49983.58,0.0087892115,4.6790414,8.634794,291.71597,1.3646603675054169e-06
49955.617,0.00877918,4.6801586,8.634959,291.72412,1.3681087179349101e-06
49940.18,0.00877016,4.681276,8.635125,291.7321,1.3432777792562894e-06
49859.11,0.008757452,4.6823936,8.635291,291.73895,1.3610670835700895e-06
49789.27,0.008744206,4.683511,8.635457,291.74588,1.321613390120726e-06
49732.95,0.008731288,4.684628,8.635622,291.75287,1.357835021606102e-06
49682.91,0.008718979,4.6857457,8.635722,291.75983,1.3810630507003211e-06
49642.28,0.008707077,4.686863,8.635722,291.7668,1.3598858904528466e-06
49612.44,0.008694823,4.68798,8.635494,291.7738,1.3657564217195535e-06
49583.94,0.008678692,4.6890974,8.635268,291.77856,1.317409368074068e-06
49558.023,0.008661418,4.690215,8.63504,291.78326,1.3514888106932475e-06
49541.676,0.008643869,4.6913323,8.634813,291.78802,1.341240184352761e-06
49529.426,0.008626292,4.6986217,8.634586,291.79276,1.2910325071686573e-06
49517.18,0.008609292,4.7021956,8.63436,291.79752,1.3091393170769291e-06
49513.133,0.0085924575,4.7032933,8.634132,291.80228,1.3186602202433137e-06
49526.434,0.008574204,4.70439,8.633905,291.80383,1.338467995291363e-06
49544.21,0.008555054,4.7054877,8.633678,291.80505,1.3231691172916955e-06
49561.99,0.008538699,4.7065854,8.633451,291.80624,1.30219113642628e-06
49586.14,0.008531404,4.707682,8.6332245,291.80743,1.2842134258197399e-06
49607.29,0.008530524,4.70878,8.6329975,291.80865,1.3210553689573993e-06
49615.06,0.008532234,4.709877,8.632771,291.8098,1.3011120270183997e-06
49612.918,0.008535988,4.710974,8.632544,291.80856,1.3179051592816042e-06
49606.617,0.008534698,4.713929,8.632317,291.80743,1.3299887619665116e-06
49600.316,0.008532647,4.7212186,8.63209,291.80634,1.3210497602556464e-06
49594.01,0.008525946,4.7280703,8.631863,291.80524,1.285844497049949e-06
49587.715,0.00851858,4.734874,8.631636,291.80414,1.33656499406951e-06
49581.414,0.008508585,4.7416773,8.631409,291.80304,1.2864947156165043e-06
49574.926,0.008497508,4.7554784,8.631181,291.80157,1.282341593475984e-06
49568.254,0.008490016,4.7638655,8.630954,291.7999,1.2827632533735284e-06
49561.582,0.008481063,4.76606,8.630728,291.79822,1.3062458051847704e-06
49554.91,0.008471116,4.7682543,8.630501,291.79654,1.2419603948898069e-06
49617.113,0.008463533,4.7704487,8.630273,291.79486,1.307650540672431e-06
49714.523,0.008458445,4.7726436,8.630046,291.7932,1.2904360116300164e-06
49823.33,0.008477636,4.774838,8.629819,291.79108,1.2751450998198456e-06
50023.816,0.00850712,4.777033,8.629592,291.78876,1.3071773676652526e-06
50278.84,0.00853897,4.7792277,8.629365,291.7864,1.3360923042046815e-06
50429.234,0.008563134,4.7814226,8.629138,291.78412,1.3140494930053364e-06
50546.465,0.008587472,4.783178,8.628912,291.78177,1.3225140669326146e-06
50652.76,0.008608937,4.783178,8.628684,291.77945,1.3257983607321878e-06
50911.723,0.008617441,4.7865105,8.628456,291.77725,1.315192391331219e-06
51240.273,0.008614795,4.7906756,8.628229,291.77533,1.3474184844067432e-06
51549.992,0.008613616,4.794841,8.628003,291.7734,1.340946823925688e-06
51859.71,0.008622615,4.7990065,8.627776,291.77148,1.3041697139806478e-06
52142.09,0.008639834,4.8031716,8.627548,291.76956,1.319345386154779e-06
52192.508,0.008650436,4.8073373,8.627322,291.76767,1.352940409008119e-06
52198.566,0.008687232,4.8115025,8.627095,291.766,1.3391526828151141e-06
52310.504,0.008750239,4.8156676,8.626867,291.76453,1.378873149582237e-06
52423.54,0.008812984,4.8198333,8.62664,291.76303,1.3804198542598394e-06
52538.395,0.008880437,4.823998,8.626413,291.76157,1.389056753502182e-06
52657.805,0.008946763,4.828163,8.626187,291.7601,1.4028107934490963e-06
52773.57,0.009008477,4.832329,8.62596,291.75864,1.4344083682177127e-06
52881.18,0.009047289,4.836494,8.625732,291.7569,1.409440890386579e-06
52956.137,0.009047743,4.8406596,8.625505,291.7552,1.4248579187395779e-06
53031.094,0.009042101,4.8444085,8.625278,291.75348,1.4037608350778435e-06
53106.05,0.009038607,4.8444085,8.6250515,291.75177,1.4272091047842389e-06
53181.01,0.009032984,4.8354793,8.624825,291.75006,1.417434420655642e-06
53255.973,0.009031861,4.8342037,8.624598,291.7484,1.3725754152792486e-06
53310.5,0.00903256,4.834787,8.624371,291.74722,1.410812851184097e-06
53319.11,0.009034569,4.835758,8.624144,291.74673,1.403339621288346e-06
53327.723,0.009034233,4.8367305,8.623917,291.7462,1.3792911359725086e-06
53336.332,0.009033368,4.8377023,8.62369,291.7457,1.3634858848977086e-06
53344.945,0.009031928,4.838674,8.623463,291.74515,1.392368808184059e-06
53353.555,0.00902847,4.839646,8.623235,291.74466,1.3948397444434232e-06
53359.67,0.009024514,4.840618,8.623008,291.7441,1.3853096419974823e-06
53362.01,0.009021118,4.84159,8.622781,291.74258,1.4136396959446368e-06
53364.348,0.009019291,4.8425617,8.622555,291.74106,1.4089456048567738e-06
53366.69,0.009018261,4.8435335,8.622328,291.7395,1.4593935587836523e-06
53369.027,0.009017634,4.8444085,8.6221,291.73798,1.3848621778487755e-06
53371.367,0.009014983,4.8444085,8.621873,291.73642,1.4054032663744175e-06
53373.285,0.009012331,4.843563,8.621646,291.73492,1.3679374303688533e-06
53373.496,0.009008861,4.8423553,8.621419,291.7334,1.407879539093377e-06
53373.71,0.009005781,4.8411474,8.621192,291.73178,1.3795797034131563e-06
53373.926,0.009003028,4.8399396,8.620965,291.73022,1.3852668540562567e-06
53374.14,0.009000276,4.8387322,8.620738,291.72864,1.3954420138360531e-06
53374.355,0.008997054,4.8375244,8.620511,291.72708,1.37364515040291e-06
53374.754,0.00899366,4.8363166,8.620283,291.72552,1.3480099062998857e-06
53375.9,0.008990386,4.835109,8.620056,291.72412,1.3915320676737718e-06
53377.04,0.0089876205,4.8339014,8.61983,291.7227,1.397159638404882e-06
53378.184,0.008986217,4.832694,8.619603,291.72125,1.393685748688118e-06
53379.332,0.008985211,4.831486,8.619376,291.71982,1.3947268403740437e-06
53380.473,0.008983108,4.8302784,8.619149,291.71838,1.3848515039541214e-06
53381.617,0.008980386,4.8290706,8.618922,291.71695,1.3574820377929553e-06
53381.742,0.008977051,4.8278627,8.618694,291.71567,1.3943069524296079e-06
53381.605,0.008974043,4.8266554,8.618467,291.7144,1.3741794906783144e-06
53381.484,0.008970899,4.8254476,8.61824,291.71313,1.3733543736765822e-06
53381.37,0.008967866,4.8242397,8.618014,291.71185,1.382504949453218e-06
53381.254,0.008964991,4.8298297,8.617786,291.71057,1.379739652000484e-06
53381.14,0.008962116,4.8325706,8.617559,291.70935,1.4081634752541043e-06
53381.027,0.008958879,4.8284883,8.617332,291.70804,1.3321146993750626e-06
53380.91,0.00895557,4.8244066,8.6171055,291.70673,1.3684522714911092e-06
53380.797,0.0089526605,4.8203244,8.6168785,291.70544,1.398035163953038e-06
53380.68,0.00894975,4.816242,8.616652,291.70413,1.3801783201558603e-06
53380.566,0.008946986,4.8108773,8.616424,291.70282,1.360257624124683e-06
53380.453,0.008944814,4.803588,8.616198,291.70154,1.4268470180754346e-06
53381.383,0.00894266,4.801887,8.615971,291.70032,1.3638806737007663e-06
53382.312,0.008940567,4.800186,8.615744,291.69922,1.3935309995261601e-06
53383.242,0.008938248,4.7984853,8.615516,291.69812,1.382790731799803e-06
53384.17,0.008935859,4.7967844,8.615313,291.697,1.3964059445623207e-06
53385.105,0.0089333365,4.795084,8.615313,291.69586,1.3640430220543587e-06
53386.035,0.008930957,4.793383,8.615452,291.69476,1.405177098073804e-06
53469.254,0.008936896,4.8006725,8.615652,291.69406,1.339601034132585e-06
53552.164,0.008942835,4.8019104,8.615852,291.6934,1.3802686060583409e-06
53635.082,0.008948775,4.7991147,8.616053,291.6927,1.4139057644248417e-06
53717.996,0.008954714,4.796319,8.616253,291.69202,1.4076002351736508e-06
53800.914,0.008972467,4.793523,8.616453,291.6913,1.405947837026088e-06
53883.83,0.008992293,4.7907267,8.616653,291.6906,1.404445059988868e-06
53958.676,0.00900036,4.787931,8.616854,291.68988,1.3685072589182375e-06
54028.145,0.009004442,4.7851353,8.617054,291.6891,1.4013801738755316e-06
54097.613,0.009007114,4.780991,8.617254,291.68832,1.4080539302459638e-06
54167.082,0.009009394,4.7737017,8.617455,291.68753,1.4001828328214137e-06
54236.555,0.009010918,4.7723074,8.617656,291.6867,1.3744362660361384e-06
54306.023,0.009010168,4.771568,8.617856,291.6859,1.3997105328273324e-06
54341.93,0.009011405,4.7708287,8.618056,291.68512,1.4170185471571413e-06
54363.453,0.009011517,4.7700887,8.618257,291.68433,1.3890454292061112e-06
54384.98,0.009011577,4.769349,8.618457,291.68353,1.3985474775784553e-06
54406.504,0.0090116905,4.76861,8.618657,291.68274,1.4386391990801618e-06
54428.027,0.009012566,4.7678704,8.618857,291.68195,1.3851446834596484e-06
54449.555,0.009013298,4.767131,8.619058,291.68112,1.4128543924275805e-06
54459.844,0.009012935,4.7663913,8.619258,291.68036,1.3844743980713072e-06
54465.32,0.009012571,4.7656517,8.619458,291.67957,1.326553137278164e-06
54470.793,0.009012206,4.764912,8.619658,291.67874,1.4215310192210754e-06
54476.273,0.009011842,4.764173,8.619859,291.67795,1.355013938490534e-06
54481.746,0.009011478,4.7634335,8.620059,291.67715,1.4013590549213056e-06
54487.22,0.009011114,4.763497,8.620259,291.6764,1.4016180043662383e-06
54490.207,0.00901075,4.7707863,8.62046,291.67575,1.3678199646413452e-06
54491.53,0.009010387,4.772973,8.62066,291.67517,1.4125275552257802e-06
54492.86,0.0090100225,4.772973,8.620861,291.67462,1.3669106003329925e-06
54494.188,0.009009812,4.772973,8.62106,291.67404,1.4471691105145747e-06
54495.516,0.009009735,4.772973,8.621261,291.67346,1.3823460912822889e-06
54496.844,0.0090094125,4.772973,8.621461,291.67294,1.407326224811764e-06
54498.09,0.009008808,4.772973,8.621661,291.67233,1.395756020978134e-06
54499.285,0.009008203,4.772973,8.621861,291.67166,1.3868248173251733e-06
54500.48,0.009007535,4.7656837,8.622062,291.67096,1.4188405707882284e-06
54501.676,0.009006614,4.752563,8.622263,291.6703,1.3800576035920601e-06
54502.867,0.009005694,4.748189,8.622463,291.6696,1.4258458747852249e-06
54504.062,0.009004773,4.7336106,8.622663,291.6689,1.4057444858608174e-06
54505.28,0.009004017,4.7321525,8.622863,291.6682,1.4099295032777968e-06
54506.598,0.009003303,4.7321525,8.623064,291.66754,1.3846733337875958e-06
54507.914,0.00900259,4.7321525,8.623263,291.66684,1.3820658220699882e-06
54509.23,0.009001876,4.7321525,8.623464,291.6662,1.3929477078335801e-06
54510.547,0.009001162,4.7321525,8.623664,291.6655,1.426066250323058e-06
54511.863,0.0090004485,4.7321525,8.623864,291.66483,1.4135922942980149e-06
54542.58,0.008995149,4.7321525,8.624064,291.66418,1.402416353539742e-06
54617.4,0.00898297,4.7321525,8.624265,291.66364,1.423681441182954e-06
54692.22,0.008966713,4.7321525,8.624466,291.66312,1.406787800388874e-06
54767.04,0.00894333,4.7321525,8.624666,291.6626,1.4192128989446646e-06
54841.855,0.008919588,4.7321525,8.624866,291.66208,1.3809019786315818e-06
54916.676,0.008914672,4.7321525,8.625066,291.66153,1.4026955323343762e-06
54991.5,0.0089198565,4.7321525,8.625266,291.661,1.409574043100328e-06
55202.293,0.008995697,4.7321525,8.625467,291.6606,1.4345899952060173e-06
55413.086,0.009056277,4.7321525,8.625667,291.66025,1.4055311783718912e-06
55623.883,0.009116166,4.7321525,8.625867,291.65982,1.435811861138937e-06
55834.676,0.009176118,4.7321525,8.626068,291.65945,1.4489128360828472e-06
56045.473,0.009232624,4.7321525,8.626268,291.65906,1.4439554897681626e-06
56239.688,0.009282622,4.7321525,8.626468,291.65887,1.4574298721872063e-06
56284.676,0.009296923,4.7321525,8.626669,291.6594,1.450206865240677e-06
56329.67,0.009309837,4.7321525,8.626869,291.6599,1.508855392194721e-06
56374.676,0.0093213,4.7321525,8.6270685,291.66043,1.4915850975622838e-06
56419.68,0.009331832,4.7321525,8.627269,291.66098,1.504490399819547e-06
56464.684,0.009342327,4.7321525,8.627469,291.66147,1.462877787431734e-06
56509.688,0.009350308,4.7321525,8.62767,291.66202,1.4706469449075492e-06
56526.72,0.009346755,4.7319484,8.62787,291.66202,1.4660528302695575e-06
56543.754,0.009342633,4.7299075,8.628071,291.66183,1.4955241812140351e-06
56560.79,0.009337072,4.7278666,8.628271,291.6617,1.4519274572810758e-06
56577.82,0.009332515,4.7258253,8.628471,291.66153,1.4670550041724626e-06
56594.855,0.009327508,4.723784,8.628671,291.6614,1.4835642728910427e-06
56611.887,0.009323157,4.7211623,8.628872,291.66125,1.4919949513831235e-06
56626.566,0.009301523,4.7133126,8.629072,291.6611,1.4420731417496917e-06
56641.25,0.009275523,4.7117424,8.629272,291.66098,1.4495281289143058e-06
56655.93,0.009249523,4.7117424,8.629472,291.6608,1.4284809712414758e-06
56670.613,0.009216455,4.7117424,8.629672,291.66068,1.4689449309130485e-06
56685.293,0.009167973,4.7117424,8.629873,291.6605,1.4465014872954701e-06
56699.973,0.00912137,4.7117424,8.630073,291.66037,1.414627162520703e-06
56709.875,0.009118246,4.7117424,8.630274,291.6604,1.4264857602467323e-06
56719.48,0.0091243675,4.7117424,8.630474,291.66043,1.4339667705672096e-06
56729.082,0.009138246,4.7117424,8.630674,291.66043,1.4600861969910911e-06
56738.688,0.009155428,4.7117424,8.630875,291.66046,1.4318912496016703e-06
56748.293,0.009176601,4.7117424,8.631075,291.6605,1.4538594409532956e-06
56757.895,0.009199148,4.7117424,8.631275,291.66052,1.4442561765175229e-06
56744.266,0.009231104,4.7110925,8.631475,291.66043,1.4182059681014287e-06
56728.05,0.009262352,4.7104425,8.631676,291.66028,1.4880437035186705e-06
56711.84,0.009294896,4.7097926,8.631876,291.6601,1.4891679023141943e-06
56695.63,0.0093169585,4.709142,8.632076,291.6599,1.499808000142404e-06
56679.418,0.009336399,4.7084923,8.632277,291.65973,1.4609373916310407e-06
56663.203,0.009355838,4.7078424,8.632477,291.65958,1.463599740792964e-06
56656.316,0.009346669,4.7071924,8.632677,291.6594,1.5021355962069386e-06
56655.645,0.0093372,4.706542,8.632877,291.65924,1.4557339685549913e-06
56654.973,0.009332383,4.705892,8.633078,291.65906,1.4473616003638167e-06
56654.3,0.009327347,4.7052426,8.633278,291.6589,1.50396861110106e-06
56653.633,0.009321618,4.7045927,8.633478,291.6587,1.484454761233085e-06
56652.957,0.009315323,4.7039423,8.633678,291.65854,1.4752186272552053e-06
56652.285,0.009312439,4.7032924,8.63388,291.65842,1.500505697752863e-06
56651.617,0.009311015,4.7026424,8.63408,291.65836,1.4723473926180548e-06
56650.94,0.009309855,4.7019925,8.63428,291.65826,1.4977760213599556e-06
56650.27,0.009308227,4.6993504,8.63448,291.65817,1.4990313854359662e-06
56649.6,0.009306609,4.692061,8.634681,291.65808,1.4540913308855254e-06
56648.926,0.009304955,4.6913323,8.634881,291.658,1.4609240907539034e-06
56648.258,0.009302978,4.6913323,8.635081,291.65805,1.448122322160449e-06
56647.582,0.009301833,4.6913323,8.635282,291.65817,1.4405679744650271e-06
56646.91,0.009300178,4.6913323,8.635481,291.65826,1.4602305675235604e-06
56646.242,0.00929828,4.6913323,8.635682,291.65836,1.4676794320140341e-06
56645.57,0.009296383,4.6913323,8.635722,291.65845,1.4984941467895498e-06
56644.9,0.009294485,4.6913323,8.636536,291.65857,1.4900474772246885e-06
56645.81,0.009291784,4.6913323,8.6381645,291.65863,1.4675914560771453e-06
56647.77,0.009289119,4.6913323,8.639793,291.65866,1.4680862799934e-06
56649.734,0.009286921,4.6913323,8.641421,291.65872,1.4460615318884712e-06
56651.695,0.009284723,4.6913323,8.64305,291.65875,1.4831339255294678e-06
56653.664,0.009282524,4.6884165,8.644678,291.65878,1.469536837215936e-06
56655.625,0.009280326,4.681127,8.646307,291.6588,1.4655341053979826e-06
56657.344,0.0092781605,4.681127,8.647936,291.65887,1.474255879019481e-06
56658.086,0.009276123,4.681127,8.649564,291.65894,1.473345037396357e-06
56658.83,0.009274085,4.681127,8.651394,291.65897,1.4878509339859198e-06
56659.566,0.009272049,4.681127,8.655039,291.659,1.461466653694928e-06
56660.31,0.0092700105,4.681127,8.657038,291.65903,1.467740105224129e-06
56661.047,0.009267975,4.681127,8.658333,291.65906,1.4582195896187907e-06
56661.79,0.009265928,4.681127,8.659626,291.65912,1.457203457343615e-06
56662.53,0.009263792,4.681127,8.660921,291.65915,1.4748620842754938e-06
56663.27,0.0092616575,4.681127,8.662215,291.6592,1.4771090728471512e-06
56664.01,0.009259524,4.6847715,8.663508,291.65924,1.4384951299189955e-06
56664.75,0.009257445,4.6911907,8.664803,291.65927,1.4721309499761068e-06
56665.496,0.00925539,4.689773,8.666097,291.6593,1.4673292097918207e-06
56665.824,0.009253334,4.688356,8.667391,291.65936,1.4420140787337647e-06
56665.56,0.009251279,4.6869383,8.668686,291.6594,1.4392174807755783e-06
56665.285,0.009249224,4.685521,8.66998,291.65942,1.4547615212942416e-06
56665.016,0.009247169,4.6841035,8.671274,291.65945,1.5051177358534738e-06
56664.746,0.0092451135,4.6826863,8.672568,291.6595,1.4234135472787995e-06
56664.47,0.009243058,4.6812687,8.6738615,291.65958,1.4485798676614297e-06
56664.312,0.009241321,4.6745667,8.675156,291.6596,1.4486418677182123e-06
56665.176,0.00923938,4.6727443,8.67645,291.65967,1.489077909265655e-06
56666.043,0.009237201,4.676389,8.677744,291.65973,1.4164430258378638e-06
56666.906,0.009235021,4.6800337,8.679038,291.6598,1.4525477738869625e-06
56667.773,0.009232841,4.6862297,8.680332,291.65985,1.47057761797774e-06
56668.637,0.009230661,4.6913323,8.681626,291.65994,1.4115633720763794e-06
56669.152,0.009228481,4.6913323,8.682921,291.66,1.4166845447571144e-06
56668.867,0.009226302,4.6913323,8.684215,291.66003,1.4786337695999508e-06
56668.582,0.009224122,4.6913323,8.685509,291.6601,1.439612403455087e-06
56668.297,0.009221942,4.6913323,8.686802,291.66013,1.4568011213984082e-06
56668.01,0.009219762,4.6913323,8.688097,291.66016,1.4457137298432454e-06
56667.727,0.009217583,4.6913323,8.689391,291.6602,1.4528301186602394e-06
56667.44,0.009215402,4.6913323,8.690685,291.66028,1.428957693385151e-06
56668.715,0.009213223,4.6905475,8.692636,291.6603,1.4395317487186362e-06
56670.387,0.009211032,4.6826973,8.700485,291.66034,1.441489323542699e-06
56672.06,0.009208839,4.6768303,8.703364,291.66037,1.4433223702211513e-06
56673.727,0.009206646,4.671459,8.705002,291.6604,1.457530618426701e-06
56675.395,0.009204453,4.6643615,8.706639,291.66046,1.4483855161425912e-06
56676.99,0.009202457,4.660717,8.708276,291.6605,1.452232513860605e-06
56677.906,0.009202241,4.660717,8.709913,291.6606,1.4187791125016291e-06
56678.82,0.009202024,4.660717,8.711551,291.6607,1.3883928560897671e-06
56679.74,0.009201807,4.6646423,8.713188,291.6608,1.4629816068721725e-06
56680.652,0.009201591,4.6709223,8.714826,291.6609,1.4517844771537927e-06
56681.566,0.009201374,4.6709223,8.716462,291.661,1.4750297550638456e-06
56682.484,0.009201157,4.673277,8.718099,291.66113,1.4474891866988865e-06
56684.79,0.009187449,4.681127,8.719736,291.6612,1.3956673104889094e-06
56687.45,0.009170369,4.681127,8.721374,291.66125,1.389207988041256e-06
56690.105,0.009153259,4.681127,8.723011,291.66135,1.417623998299929e-06
56692.76,0.009135719,4.6803985,8.724648,291.6614,1.4742694064917488e-06
56695.42,0.0091151055,4.673109,8.726285,291.66147,1.4327411586136697e-06
56698.08,0.009092162,4.6709223,8.727922,291.66153,1.3900854483425566e-06
56700.734,0.009081893,4.6709223,8.72956,291.6616,1.420291766511874e-06
56703.39,0.0090808775,4.6709223,8.731196,291.66165,1.437109177899965e-06
56706.05,0.009087595,4.6709223,8.732834,291.66168,1.41582357443615e-06
56708.707,0.009094254,4.6709223,8.734471,291.6617,1.429676002351915e-06
56711.367,0.00910144,4.6709223,8.736109,291.66174,1.4232969255781484e-06
56714.023,0.009110421,4.6709223,8.737745,291.66177,1.4322261531243427e-06
56716.676,0.009126052,4.6709223,8.739383,291.66153,1.4253536990039211e-06
56719.336,0.009142372,4.6709223,8.741019,291.66132,1.423828994937853e-06
56721.996,0.009152606,4.6709223,8.742657,291.66107,1.4334434667714275e-06
56724.65,0.00916284,4.6709223,8.744294,291.6608,1.4357405896968767e-06
56727.31,0.009173076,4.6709223,8.745932,291.66055,1.433244006118525e-06
56729.965,0.00918331,4.6709223,8.747568,291.6603,1.4309311102975253e-06
56732.625,0.009187431,4.6709223,8.749206,291.66006,1.443719726843921e-06
56735.277,0.009185438,4.6709223,8.750842,291.65985,1.4611423388658275e-06
56737.938,0.009183444,4.6709223,8.75248,291.65967,1.4240726654033161e-06
56740.598,0.009181451,4.6709223,8.754117,291.65945,1.43932134033336e-06
56743.254,0.009179458,4.6709223,8.755754,291.65927,1.4410019804534756e-06
56745.914,0.009174683,4.6709223,8.757392,291.65906,1.391480984994154e-06
56748.566,0.0091704335,4.6709223,8.759029,291.65887,1.4558590453142694e-06
56751.227,0.009168016,4.6709223,8.760666,291.6586,1.4483650907809544e-06
56753.883,0.009165597,4.6709223,8.762302,291.6583,1.4190577846460844e-06
56756.54,0.0091631785,4.6709223,8.763941,291.658,1.4589765917981676e-06
56759.2,0.00916076,4.6709223,8.765577,291.65768,1.4391687344698005e-06
56761.85,0.009158342,4.6709223,8.767215,291.65738,1.4254792738140853e-06
56777.234,0.009136859,4.6687355,8.768852,291.657,1.4462755496092636e-06
56798.062,0.009101355,4.661446,8.770489,291.6566,1.4180925345869208e-06
56818.895,0.009054987,4.650512,8.772126,291.65613,1.4555195522159268e-06
56839.73,0.009010508,4.650512,8.773763,291.6557,1.382801622416042e-06
56860.56,0.008978061,4.6467524,8.7754,291.6552,1.3819746039667407e-06
56881.387,0.008950492,4.6413813,8.777039,291.6548,1.4234099209893753e-06
56892.973,0.008939108,4.6403065,8.778675,291.65433,1.3822846136853073e-06
56882.977,0.008976077,4.6403065,8.780313,291.65387,1.3951010972611954e-06
56872.984,0.009018002,4.6403065,8.781949,291.6534,1.4275308285273309e-06
56862.992,0.009061268,4.6446805,8.783586,291.65298,1.4154484049439147e-06
56852.996,0.009105017,4.6507044,8.785224,291.6525,1.4470180487750516e-06
56843.0,0.009141025,4.651667,8.786861,291.65207,1.4363925653000063e-06
56834.41,0.0091598565,4.65263,8.788498,291.6516,1.432219600741871e-06
56827.227,0.009159777,4.6535926,8.790135,291.65118,1.4590106141166367e-06
56820.043,0.009158966,4.654556,8.791773,291.65088,1.4600013134534722e-06
56812.86,0.009154992,4.655518,8.793409,291.65063,1.439484638166828e-06
56805.67,0.009150993,4.6564813,8.795047,291.65036,1.4521384614127487e-06
56798.49,0.009141853,4.6574435,8.796683,291.65015,1.432295051153923e-06
56792.875,0.0091368295,4.6584063,8.798322,291.64984,1.4687341637908867e-06
56793.53,0.009133833,4.6593695,8.799959,291.6495,1.4646390600426625e-06
56794.7,0.009131127,4.6603317,8.801596,291.64917,1.4260888482596382e-06
56795.92,0.00912842,4.6560073,8.803232,291.64883,1.4340857717585425e-06
56797.145,0.009125712,4.6507373,8.80487,291.64853,1.4631578439174257e-06
56798.37,0.009123005,4.6514874,8.806507,291.6482,1.4021742239569745e-06
56799.594,0.009120441,4.652238,8.808145,291.648,1.4230865926139532e-06
56800.816,0.009121001,4.6529884,8.809782,291.6482,1.4463318824022888e-06
56802.04,0.00912199,4.6537385,8.811419,291.64838,1.428585619286832e-06
56803.266,0.009122978,4.654489,8.813056,291.64856,1.4612496758805934e-06
56804.49,0.009123967,4.6552396,8.8146925,291.64877,1.4101308101578336e-06
56805.71,0.009124956,4.6559896,8.81633,291.64896,1.41443960296647e-06
56806.934,0.009125464,4.65674,8.817967,291.64914,1.4190945528363837e-06
56808.16,0.009123666,4.6574907,8.819605,291.64935,1.4562124388979675e-06
56809.38,0.009122463,4.6582413,8.821242,291.64957,1.4211173523734173e-06
56810.605,0.009121514,4.658991,8.822879,291.64978,1.44575286016629e-06
56811.83,0.009120565,4.6597414,8.824515,291.64996,1.4161712666375853e-06
56813.055,0.009119616,4.660492,8.826153,291.6502,1.4079798912251004e-06
56814.28,0.009118668,4.6556144,8.82779,291.6504,1.4452568094827938e-06
56815.504,0.009117718,4.6489005,8.829428,291.6506,1.4177318470528424e-06
56816.727,0.00911677,4.6435294,8.831064,291.65085,1.4581300480917324e-06
56817.95,0.009115821,4.637391,8.832702,291.65103,1.4477103423646074e-06
56819.17,0.009114872,4.6301017,8.834339,291.65125,1.437502617609063e-06
56820.395,0.009113923,4.63156,8.835976,291.65146,1.428704306459761e-06
56821.62,0.009112974,4.6388493,8.837613,291.65167,1.39668548275771e-06
56822.844,0.009112026,4.6424003,8.839251,291.6519,1.4214445127856992e-06
56824.066,0.009111076,4.6450167,8.840887,291.6521,1.4111084594975709e-06
56825.293,0.009110128,4.6476336,8.8425255,291.6523,1.4026100609008155e-06
56826.516,0.009107826,4.6502504,8.844162,291.6525,1.411314755186425e-06
56827.74,0.009105177,4.657072,8.8457985,291.6527,1.392841597255112e-06
56828.96,0.009103573,4.660717,8.847436,291.65295,1.4328186352877456e-06
56828.04,0.00910302,4.660717,8.849073,291.65314,1.4393051477327155e-06
56827.113,0.009102465,4.660717,8.850711,291.65335,1.4013732596179822e-06
56826.188,0.0091019105,4.660717,8.852348,291.65356,1.4451660473536449e-06
56825.26,0.009101356,4.660717,8.853985,291.65378,1.423630374456698e-06
56824.34,0.009100802,4.660717,8.855131,291.654,1.4335825604120847e-06
56823.414,0.009100404,4.6592593,8.855131,291.6542,1.412472788832837e-06
56823.906,0.009099061,4.65197,8.856083,291.65442,1.4359939184403566e-06
56825.004,0.009097295,4.650512,8.857141,291.65466,1.4295636717074981e-06
56826.105,0.009095455,4.650512,8.858198,291.65485,1.4649330968398403e-06
56827.207,0.009093503,4.650512,8.859256,291.6551,1.4039948159384311e-06
56828.305,0.009091551,4.650512,8.860313,291.6553,1.4739652972636265e-06
56829.406,0.009089599,4.650512,8.861371,291.65555,1.431572529232116e-06
56830.723,0.009087647,4.6556144,8.862429,291.65582,1.4118692648995186e-06
56832.066,0.009085695,4.6601343,8.863486,291.656,1.424356575080255e-06
56833.41,0.009083743,4.65819,8.864543,291.65607,1.4436636197117172e-06
56834.754,0.009081791,4.656246,8.865601,291.6561,1.3912801139580983e-06
56836.094,0.00907984,4.654302,8.866658,291.65613,1.4612327837935747e-06
56837.438,0.009077888,4.6523585,8.867716,291.65613,1.4150914562207401e-06
56838.812,0.009075936,4.6504145,8.868773,291.65616,1.439121416513644e-06
56840.223,0.009073984,4.648471,8.86983,291.65616,1.4320306379015678e-06
56841.633,0.009072033,4.6465273,8.870889,291.6562,1.4221772855485508e-06
56843.043,0.00907008,4.644583,8.871945,291.6562,1.4298490905133471e-06
56844.45,0.009068129,4.6426396,8.873004,291.65622,1.4374950866350115e-06
56845.86,0.009066177,4.6406956,8.874061,291.65622,1.4183815444076706e-06
56847.27,0.009064225,4.634027,8.875118,291.65625,1.4154535463287213e-06
56848.68,0.0090622725,4.6309247,8.876176,291.65625,1.4120388829081987e-06
56850.086,0.009060966,4.6325707,8.8772335,291.65625,1.448744534570858e-06
56851.492,0.009059578,4.634217,8.878291,291.65628,1.383823436734885e-06
56852.902,0.009057359,4.635863,8.879349,291.65628,1.4203375040742654e-06
56854.312,0.009055139,4.637509,8.880406,291.6563,1.4214190664931004e-06
56855.723,0.009052941,4.6391544,8.881463,291.65628,1.40878799717876e-06
56857.133,0.009050793,4.642662,8.882522,291.65625,1.395644370563958e-06
56858.543,0.009048421,4.650512,8.883578,291.65622,1.4266232290999185e-06
56859.95,0.009046048,4.6539135,8.884636,291.6562,1.4390064932054157e-06
56861.36,0.009043676,4.6573157,8.885694,291.65616,1.4252396277299635e-06
56862.77,0.009041303,4.660717,8.886751,291.65613,1.407418765582472e-06
56864.145,0.009039344,4.660717,8.887809,291.6561,1.3907512777320612e-06
56865.484,0.0090370765,4.662829,8.888866,291.65607,1.4150969039245804e-06
56866.83,0.009034602,4.666347,8.889924,291.656,1.4009333672074414e-06
56868.17,0.009032128,4.669866,8.890981,291.656,1.4227906767237778e-06
56869.516,0.009029654,4.6658196,8.892038,291.65598,1.395390132060991e-06
56870.855,0.00902718,4.659106,8.893096,291.65594,1.4214909707345594e-06
56872.117,0.009024707,4.653734,8.894154,291.6559,1.4198118049751107e-06
56872.63,0.009022409,4.647596,8.895211,291.6559,1.4451785263051726e-06
56873.14,0.00902038,4.6403065,8.895951,291.65588,1.4468771538578793e-06
56873.652,0.0090174815,4.6403065,8.895951,291.65585,1.3913763607209605e-06
56874.168,0.009014583,4.6403065,8.896762,291.65582,1.400057386799834e-06
56874.676,0.009011685,4.6403065,8.897662,291.65582,1.4149566902722277e-06
56875.188,0.009008788,4.6403065,8.898562,291.65585,1.4284610094886475e-06
56875.7,0.009005889,4.650512,8.899463,291.656,1.3828449458368336e-06
56876.215,0.009002991,4.650512,8.900364,291.65616,1.378264700260675e-06
56876.727,0.009000093,4.650512,8.901264,291.6563,1.4036039331770258e-06
56877.24,0.008997195,4.650512,8.902164,291.6565,1.3866411221986767e-06
56877.75,0.008994297,4.650512,8.903065,291.65662,1.4295897796000696e-06
56878.26,0.008985558,4.650512,8.903965,291.65677,1.3989954001428651e-06
56878.773,0.008963186,4.650512,8.904866,291.65662,1.410313448738945e-06
56879.29,0.008940817,4.650512,8.9057665,291.65616,1.4045062682386993e-06
56879.797,0.008916914,4.650512,8.906667,291.65573,1.3586021928938636e-06
56880.31,0.0088917725,4.6499453,8.907567,291.65524,1.3854372330615039e-06
56880.824,0.008867764,4.6442757,8.908467,291.65482,1.36464533056035e-06
56898.977,0.0088402685,4.63812,8.909368,291.65436,1.3439218346045996e-06
56958.285,0.008877437,4.6308303,8.910269,291.6539,1.3808944178434449e-06
57017.598,0.008914605,4.631583,8.911169,291.65384,1.3931773909947311e-06
57076.91,0.008951774,4.6332293,8.91207,291.6538,1.412441816687717e-06
57136.22,0.009017112,4.634875,8.91297,291.6538,1.4487885204215847e-06
57195.53,0.00907212,4.6365213,8.91387,291.6538,1.4629997991292613e-06
57254.844,0.009115415,4.638167,8.914771,291.6538,1.4300077486064798e-06
57284.586,0.009139911,4.639813,8.915671,291.65378,1.4700483820174521e-06
57311.043,0.009164586,4.6454096,8.916573,291.65378,1.4598310969123874e-06
57337.496,0.009184158,4.651124,8.917472,291.65378,1.45946506376742e-06
57363.957,0.009198962,4.6531653,8.918372,291.65378,1.4654107395616196e-06
57390.414,0.009213431,4.655206,8.919273,291.65378,1.4275576198002911e-06
57416.87,0.009226464,4.657247,8.920174,291.65375,1.4598539488763602e-06
57426.953,0.009221642,4.6592884,8.921074,291.65375,1.4395423168329003e-06
57437.03,0.009217228,4.660717,8.921975,291.65375,1.4370646375472105e-06
57447.11,0.009210823,4.660717,8.922874,291.65375,1.4684469292371263e-06
57457.188,0.0092044175,4.6575503,8.923776,291.65372,1.4495140386026508e-06
57467.266,0.009198013,4.6540313,8.924676,291.65372,1.449277727261326e-06
57477.348,0.009191608,4.650512,8.925576,291.65372,1.4274924187209505e-06
57487.426,0.009174249,4.643223,8.926477,291.65372,1.4153076510632428e-06
57497.508,0.009152468,4.6403065,8.926567,291.65372,1.4478537733171004e-06
57507.586,0.00913091,4.6403065,8.926567,291.6537,1.4072016345141586e-06
57517.664,0.009108675,4.6403065,8.926567,291.6537,1.4753921832449113e-06
57527.742,0.009077509,4.6403065,8.926567,291.6537,1.4377257641751307e-06
57537.824,0.009038868,4.6403065,8.926567,291.6537,1.3918829371519694e-06
57607.1,0.009043585,4.6403065,8.926567,291.65366,1.4167424196250923e-06
57676.38,0.0090746535,4.6446805,8.926567,291.65366,1.4163352861045037e-06
57745.656,0.009118802,4.6502705,8.926567,291.65366,1.4208429086105632e-06
57814.934,0.009163199,4.6490626,8.926567,291.65366,1.4302952480736146e-06
57884.21,0.009207236,4.647855,8.926567,291.65366,1.4492658845070292e-06
57953.484,0.009253083,4.6466475,8.926567,291.65363,1.4729874039324364e-06
57976.312,0.009272484,4.6454396,8.926567,291.65363,1.506296057563504e-06
57968.18,0.009285509,4.644232,8.926567,291.65363,1.4615219394649628e-06
57960.043,0.009299052,4.643024,8.926567,291.65363,1.4483571200192372e-06
57951.902,0.009304739,4.641816,8.926567,291.65356,1.4764058648334335e-06
57943.77,0.009308885,4.640609,8.926018,291.65356,1.468103349735069e-06
57935.633,0.009312137,4.639401,8.925331,291.65356,1.444542242097252e-06
57938.01,0.009310884,4.638193,8.924645,291.65356,1.46783853850291e-06
57944.906,0.009306918,4.6369853,8.923958,291.65356,1.4912153752527171e-06
57951.797,0.009304272,4.6357775,8.923272,291.65353,1.466133817264064e-06
57958.684,0.009304053,4.6345706,8.9225855,291.65353,1.4571008145626594e-06
57965.58,0.009304754,4.633363,8.921899,291.65353,1.4544578971983292e-06
57972.47,0.00930549,4.632155,8.921212,291.65353,1.472874751190979e-06
57973.496,0.009305823,4.630947,8.920526,291.6535,1.453081970647457e-06
57972.016,0.0093054995,4.632457,8.91984,291.6535,1.4746049551714262e-06
57970.535,0.009305896,4.6403065,8.919153,291.6535,1.4576663834485954e-06
57969.055,0.009306292,4.643826,8.9184675,291.6535,1.4297160803740925e-06
57967.574,0.009306701,4.647345,8.917781,291.6535,1.4652571455565378e-06
57966.094,0.009307162,4.651241,8.917094,291.65347,1.4833541482920995e-06
57965.312,0.009307601,4.65853,8.916408,291.65347,1.4763247317728743e-06
57966.184,0.0093076285,4.660717,8.915721,291.65347,1.4990956148138607e-06
57967.047,0.009307831,4.660717,8.915034,291.65347,1.4640170647451522e-06
57967.914,0.009308185,4.660717,8.914348,291.65344,1.4589472292023103e-06
57968.77,0.009308535,4.660717,8.913662,291.65344,1.4604991414709656e-06
57969.617,0.00930887,4.660717,8.912975,291.65344,1.487420370961221e-06
57970.465,0.009309205,4.660717,8.912289,291.65344,1.4936162780238194e-06
57971.316,0.0093095405,4.65197,8.911602,291.6534,1.4457368490529782e-06
57972.164,0.009310327,4.6403065,8.911259,291.65338,1.476518932145564e-06
57973.016,0.009311477,4.6403065,8.911139,291.65338,1.4522218046648878e-06
57973.863,0.00931186,4.6403065,8.909931,291.65335,1.4940242646110927e-06
57974.71,0.009311942,4.6403065,8.908723,291.65332,1.4817817459581079e-06
57975.56,0.009311892,4.6403065,8.907516,291.65332,1.4564241546707297e-06
57976.41,0.0093133645,4.6403065,8.906307,291.65332,1.4625223530877554e-06
57977.258,0.009313956,4.6421075,8.905099,291.6533,1.4323920901753192e-06
57978.105,0.0093144495,4.644109,8.903892,291.6533,1.5160977998644233e-06
57978.957,0.009314944,4.6461096,8.902684,291.6533,1.4783749360524659e-06
57979.8,0.009315438,4.648111,8.901477,291.65326,1.4513782154552815e-06
57980.547,0.009315958,4.6501117,8.9002695,291.65326,1.4702657403358862e-06
57981.04,0.009316481,4.650512,8.899061,291.65326,1.4478313749922847e-06
57981.535,0.009317003,4.650512,8.897853,291.6532,1.4864056895181644e-06
57982.03,0.009317178,4.650512,8.896646,291.6532,1.4321188628148085e-06
57982.523,0.009317278,4.650512,8.895438,291.6532,1.4801666331239711e-06
57983.016,0.0093175415,4.650512,8.894231,291.6532,1.4956284926963832e-06
57983.51,0.009317805,4.650512,8.8930235,291.65317,1.473497227971371e-06
57986.113,0.00931807,4.650512,8.891815,291.65317,1.4983867214163317e-06
57988.945,0.009318333,4.6471105,8.889391,291.65317,1.4827436171205524e-06
57991.777,0.009318597,4.643708,8.882102,291.65314,1.496099597243032e-06
57994.613,0.009318861,4.6403065,8.880127,291.65314,1.4597552391363826e-06
57997.44,0.009319125,4.632457,8.879479,291.65314,1.4720982477763145e-06
58000.277,0.009319018,4.6301017,8.878833,291.6531,1.485464138379497e-06
58003.11,0.009318412,4.6301017,8.878185,291.6531,1.4911131804179965e-06
58005.945,0.009318178,4.6301017,8.877539,291.6531,1.4544010685713113e-06
58008.777,0.00931829,4.6352043,8.876892,291.65308,1.4230653929928946e-06
58011.61,0.009318706,4.6410723,8.8762455,291.65308,1.4570485756215192e-06
58014.445,0.009319215,4.6436234,8.875598,291.65308,1.4770839150561822e-06
58017.273,0.00931929,4.646175,8.874951,291.65308,1.467775605092156e-06
58020.11,0.009319364,4.648726,8.874305,291.65305,1.470444292759629e-06
58022.94,0.009319439,4.650512,8.873657,291.65305,1.4549058592351988e-06
58025.777,0.009319514,4.650512,8.873011,291.65305,1.470178193416383e-06
58028.61,0.0093195895,4.6521316,8.872363,291.653,1.4970821264878594e-06
58031.44,0.009319664,4.6537514,8.871717,291.653,1.4558721943891875e-06
58034.273,0.009319739,4.6553717,8.871069,291.653,1.478833669877885e-06
58037.11,0.009318359,4.6569915,8.870423,291.65298,1.514731862833887e-06
58039.94,0.009317734,4.6586113,8.869776,291.65298,1.4517736829567437e-06
58042.773,0.0093165785,4.660231,8.869129,291.65298,1.4516821394410154e-06
58045.61,0.009314807,4.6556144,8.868482,291.65298,1.4695821732830281e-06
58048.44,0.009313037,4.650512,8.867835,291.65295,1.4832273780540797e-06
58051.27,0.009311265,4.650512,8.867188,291.65295,1.4630026666334927e-06
58053.047,0.009299128,4.650512,8.866542,291.65295,1.4454680185555217e-06
58054.7,0.009280079,4.650512,8.865894,291.65292,1.4646062001734378e-06
58056.355,0.009261032,4.650512,8.865248,291.65292,1.4065669042460563e-06
58058.01,0.009241982,4.650512,8.8646,291.65292,1.415021941869177e-06
58059.664,0.009220125,4.650512,8.863954,291.65286,1.439446277250299e-06
58061.32,0.009198814,4.650512,8.863306,291.65286,1.4472576707724973e-06
58152.99,0.0092419125,4.650512,8.862659,291.65305,1.4311593472536849e-06
58255.008,0.009298439,4.650512,8.862013,291.65326,1.468557373966606e-06
58357.027,0.009373826,4.650512,8.861366,291.6534,1.4584877332234833e-06
58459.05,0.009516396,4.650512,8.860719,291.65363,1.4933300095569844e-06
58561.07,0.009480431,4.650512,8.860072,291.6538,1.5559804174583569e-06
58663.09,0.009504637,4.650512,8.859426,291.654,1.4949854451931268e-06
58705.098,0.009517229,4.650512,8.858778,291.65408,1.525577451882321e-06
58687.09,0.009521932,4.650512,8.858131,291.65405,1.4932016440607411e-06
58669.08,0.009529334,4.6454096,8.857485,291.65405,1.5336790719325916e-06
58651.07,0.009537034,4.640573,8.856838,291.65402,1.5459943776124816e-06
58633.062,0.009542829,4.641461,8.856191,291.654,1.5188902340344542e-06
58615.05,0.009549107,4.642348,8.855544,291.654,1.5293919640262273e-06
58608.082,0.00954417,4.6432357,8.854897,291.65408,1.5435088192386122e-06
58608.47,0.009532432,4.6441226,8.85425,291.6542,1.5361621792173712e-06
58608.85,0.009520694,4.64501,8.853602,291.6544,1.493004040074005e-06
58609.242,0.009508955,4.6458974,8.852956,291.6545,1.5201794187294253e-06
58609.63,0.009497217,4.646785,8.852309,291.6547,1.4770902066159472e-06
58610.01,0.0094854785,4.647672,8.851663,291.65485,1.5225676433967075e-06
58610.4,0.009474197,4.6485596,8.851015,291.6549,1.4783758828214384e-06
58610.79,0.009464024,4.649447,8.8503685,291.65485,1.5126668695774746e-06
58611.176,0.009453889,4.650335,8.849721,291.6548,1.5246041718584772e-06
58612.008,0.009443963,4.6563435,8.849074,291.65472,1.5415023279405876e-06
58613.5,0.009433446,4.660225,8.848427,291.65466,1.5070540442752098e-06
58615.0,0.0094219195,4.6589956,8.847781,291.65457,1.537994778730987e-06
58616.496,0.009399765,4.6577663,8.847134,291.6545,1.4677174515944243e-06
58617.996,0.009363851,4.6565366,8.846487,291.65442,1.4560160972429324e-06
58619.492,0.009334523,4.6553073,8.8458395,291.65436,1.4422728823492893e-06
58620.992,0.009313787,4.6540775,8.845193,291.65427,1.4927317998123298e-06
58622.49,0.0093004685,4.6528482,8.844546,291.6542,1.4859425056117011e-06
58623.99,0.0092885755,4.651619,8.843899,291.65414,1.4399959897738342e-06
58625.49,0.009303583,4.649783,8.843252,291.65408,1.4636057148524298e-06
58626.984,0.009339174,4.6424937,8.842606,291.65402,1.450898905733238e-06
58628.48,0.0093803555,4.641313,8.841959,291.65396,1.5114557530280306e-06
58629.98,0.009420983,4.6427503,8.841311,291.65384,1.5237982839628587e-06
58631.477,0.00945495,4.644188,8.840665,291.65378,1.4945451890773942e-06
58632.973,0.009483944,4.645625,8.840017,291.65372,1.5223103023632453e-06
58634.477,0.009508256,4.6470623,8.839823,291.65366,1.5062686937214215e-06
58635.973,0.009509157,4.6485,8.839686,291.65356,1.5083916911831756e-06
58637.47,0.009507673,4.649937,8.839342,291.6535,1.4887101006675946e-06
58638.97,0.00950542,4.6548853,8.838998,291.65344,1.5140559275429114e-06
58640.47,0.009503463,4.6604996,8.8386545,291.65338,1.5147237898310665e-06
58641.96,0.009501,4.6594143,8.838312,291.6533,1.5101675451032676e-06
58643.17,0.009499337,4.6583285,8.837968,291.6532,1.511512663558544e-06
58643.7,0.009498528,4.6572433,8.837625,291.65314,1.5443761840512681e-06
58644.227,0.009497721,4.6561575,8.83728,291.65308,1.5286005861755767e-06
58644.758,0.009497144,4.6550717,8.836937,291.653,1.4981672083034802e-06
58645.285,0.009497497,4.653986,8.836594,291.65295,1.4961623173016233e-06
58645.81,0.009496828,4.6529,8.83625,291.65286,1.4746765760542999e-06
58646.344,0.009495053,4.651815,8.835907,291.6528,1.5204475836506632e-06
58647.97,0.009493765,4.650729,8.835563,291.6527,1.5048340456369382e-06
58649.598,0.009492414,4.6446805,8.835218,291.65265,1.5022074357195335e-06
58651.227,0.009491074,4.6409764,8.834875,291.6526,1.5114934300768802e-06
58652.86,0.009489895,4.6426487,8.834533,291.6525,1.5033031502585126e-06
58654.49,0.009488717,4.644322,8.834188,291.65244,1.5059518993476428e-06
58656.117,0.009487537,4.6459947,8.833845,291.65237,1.4893124535409752e-06
58657.746,0.009486358,4.647668,8.833501,291.6523,1.5074588503270868e-06
58659.375,0.009485179,4.649341,8.833158,291.65225,1.5031863774362915e-06
58661.004,0.009484121,4.6526985,8.832814,291.65213,1.5030682177392013e-06
58662.637,0.009483311,4.659988,8.83247,291.65207,1.5175033337756226e-06
58664.266,0.009481877,4.659597,8.832127,291.652,1.4690110523217648e-06
58665.89,0.009480516,4.6583524,8.831783,291.65195,1.510176058268006e-06
58667.52,0.009479187,4.6571083,8.831439,291.6519,1.4602199539916482e-06
58669.15,0.0094778575,4.655864,8.831096,291.6518,1.461406490038057e-06
58670.78,0.0094765285,4.6546187,8.830752,291.65173,1.5106000394118048e-06
58672.41,0.0094751995,4.653374,8.830408,291.65167,1.5020973443794266e-06
58674.04,0.0094738705,4.65213,8.830065,291.65158,1.4877496179178784e-06
58675.668,0.0094725415,4.6508856,8.829721,291.65152,1.5183601017525944e-06
58677.297,0.009471212,4.6454096,8.829618,291.65143,1.490996990910024e-06
58678.926,0.009469417,4.640907,8.829618,291.65137,1.5280920595372767e-06
58680.56,0.009467474,4.642908,8.829618,291.6513,1.5496927586948372e-06
58682.188,0.009466178,4.644909,8.829618,291.65125,1.467108284174008e-06
58683.812,0.009464882,4.64691,8.829618,291.65118,1.518536089205763e-06
58685.445,0.009463587,4.648911,8.829618,291.6511,1.5338146929524671e-06
58687.074,0.00946229,4.650512,8.829618,291.651,1.5406253485579274e-06
58688.703,0.009460995,4.650512,8.829618,291.65094,1.5119011314397516e-06
58690.336,0.009459699,4.650512,8.829618,291.65088,1.510024583322344e-06
58691.96,0.009458404,4.650512,8.829618,291.65082,1.5057192745698989e-06
58693.59,0.009457108,4.650512,8.829618,291.65073,1.4757943183087628e-06
58695.223,0.009455812,4.650512,8.829618,291.65067,1.4951190943440302e-06
58696.85,0.009454516,4.650512,8.829618,291.6506,1.5603812995188163e-06
58698.48,0.009452884,4.650512,8.835449,291.65054,1.4960603244539322e-06
58700.11,0.009451357,4.650512,8.839823,291.65048,1.5117169628030054e-06
58701.74,0.009450113,4.650512,8.839823,291.65042,1.532378119490827e-06
58703.367,0.009448779,4.650512,8.839823,291.65036,1.4966644278989449e-06
58705.0,0.0094472375,4.6468673,8.839823,291.6503,1.5174815999206021e-06
58706.63,0.009445694,4.6403065,8.839823,291.65024,1.4950309224436759e-06
58708.258,0.009444153,4.6403065,8.839823,291.65015,1.500812135723705e-06
58709.887,0.009442611,4.6403065,8.839823,291.65002,1.478610483806676e-06
58711.516,0.009441068,4.6403065,8.839823,291.64993,1.5150990519224821e-06
58713.145,0.009439526,4.6403065,8.839823,291.64984,1.5369096341587076e-06
58714.773,0.009437983,4.6403065,8.839823,291.64978,1.5053795755080187e-06
58716.406,0.009436441,4.6403065,8.839823,291.64966,1.5228589263140306e-06
58718.03,0.009434898,4.6403065,8.839823,291.64957,1.499901911690807e-06
58719.66,0.009433356,4.6403065,8.839823,291.64948,1.4688670176912667e-06
58721.293,0.009430898,4.6403065,8.839823,291.64935,1.5041615943061477e-06
58722.92,0.009428439,4.6403065,8.839823,291.64926,1.5228160217555596e-06
58724.55,0.009426046,4.6403065,8.839823,291.64917,1.5425110663718777e-06
58726.18,0.009423654,4.6403065,8.839823,291.6491,1.49215871722393e-06
58727.81,0.00942126,4.6403065,8.839823,291.649,1.5199334038385374e-06
58729.438,0.009418868,4.6403065,8.839823,291.6489,1.5161372145900307e-06
58731.066,0.009416475,4.6403065,8.839823,291.64877,1.4951820797465365e-06
58732.7,0.009414082,4.6403065,8.839823,291.64865,1.4875394442579534e-06
58734.33,0.009410216,4.6403065,8.839823,291.64856,1.516072438481196e-06
58735.957,0.009404795,4.6403065,8.839823,291.64847,1.4785105367583192e-06
58737.582,0.009397229,4.6403065,8.839823,291.64838,1.5049578888088401e-06
58739.215,0.009398457,4.6403065,8.839823,291.64825,1.5105355684358847e-06
58787.406,0.009420587,4.6403065,8.839823,291.64813,1.5384772356368935e-06
58866.637,0.0094441725,4.6403065,8.839823,291.64804,1.523970784190338e-06
58945.87,0.009460012,4.641036,8.839823,291.64792,1.4961179777104396e-06
59025.1,0.009486541,4.6483254,8.839823,291.64783,1.5193819637027615e-06
59104.332,0.00952376,4.65128,8.839823,291.64774,1.5034658147779214e-06
59183.566,0.009553481,4.6523776,8.839823,291.6476,1.513246954242378e-06
59248.133,0.009579256,4.653475,8.839823,291.6475,1.538544597404369e-06
59254.043,0.009602069,4.654572,8.839823,291.6474,1.5260331025159736e-06
59259.95,0.00962415,4.655669,8.839823,291.6473,1.549477416217379e-06
59265.855,0.009640466,4.656767,8.839823,291.6471,1.512777431741586e-06
59271.754,0.009637173,4.657864,8.839823,291.64682,1.5329660940051762e-06
59277.668,0.00963388,4.6589613,8.839823,291.64655,1.5687102811289705e-06
59283.57,0.009630588,4.6600585,8.839823,291.64627,1.5499554355297228e-06
59289.477,0.009627295,4.6578016,8.839823,291.646,1.54945749147075e-06
59295.383,0.009624001,4.650512,8.839823,291.64572,1.5315559714642746e-06
59301.29,0.009620347,4.644842,8.839823,291.64545,1.5385933674038562e-06
59307.195,0.009615847,4.6403065,8.839823,291.64536,1.5210930071688212e-06
59313.105,0.009611733,4.6403065,8.839823,291.64526,1.529528154991362e-06
59324.82,0.009607905,4.6434736,8.839823,291.64514,1.5253632253499372e-06
59345.254,0.00960372,4.646993,8.839823,291.64502,1.5158494676640024e-06
59365.688,0.009599179,4.650512,8.839823,291.64493,1.5473113578052429e-06
59386.117,0.009584107,4.650512,8.839823,291.6448,1.5616512209560913e-06
59406.55,0.009552178,4.650512,8.839823,291.6447,1.532038319188091e-06
59426.984,0.009525166,4.650512,8.839823,291.6446,1.5343246848382374e-06
59447.42,0.0095007485,4.650512,8.833544,291.64447,1.5172594111790106e-06
59446.8,0.009480457,4.650512,8.829416,291.64438,1.5265601911297172e-06
59446.18,0.009463718,4.650512,8.829011,291.64426,1.4953466727700995e-06
59445.566,0.00945169,4.650512,8.828606,291.64417,1.4800115456786147e-06
59444.945,0.009482144,4.650512,8.828201,291.64404,1.473604135969761e-06
59444.324,0.009516806,4.650512,8.827796,291.64395,1.5274487672974407e-06
59438.96,0.0095559815,4.650512,8.827392,291.64383,1.5450995096271278e-06
59422.523,0.009595519,4.650512,8.826986,291.6437,1.5430933220944196e-06
59406.086,0.009631301,4.650512,8.826581,291.64362,1.5552680308857417e-06
59389.64,0.009657198,4.650512,8.826176,291.64352,1.5454278061657065e-06
59373.203,0.0096516535,4.650512,8.825772,291.64337,1.5270328927568278e-06
59356.758,0.009645978,4.650512,8.825366,291.64325,1.5416885300935898e-06
59340.32,0.009639115,4.650512,8.824961,291.64316,1.5427939128743438e-06
59339.664,0.009633174,4.650512,8.824556,291.643,1.552664578021781e-06
59340.77,0.0096281,4.650512,8.817955,291.6429,1.5368862583802614e-06
59341.87,0.009622266,4.650512,8.814027,291.6428,1.5715899814643594e-06
59342.97,0.009617449,4.6560073,8.813458,291.64264,1.5094728143208438e-06
59344.08,0.009613026,4.660717,8.812889,291.64252,1.5219582648543287e-06
59345.176,0.009608749,4.660717,8.812321,291.64236,1.5263889097219378e-06
59346.277,0.009606311,4.660717,8.811752,291.64224,1.5199815526344902e-06
59347.383,0.009604783,4.660717,8.811184,291.64212,1.5013564267211705e-06
59348.48,0.009600987,4.660717,8.810616,291.64194,1.5550553168541654e-06
59349.582,0.009601693,4.660717,8.810047,291.6418,1.557225214357562e-06
59350.688,0.009602531,4.660717,8.809478,291.64166,1.520576839246364e-06
59351.79,0.00960381,4.660717,8.80891,291.64154,1.5488973686311802e-06
59352.895,0.009605138,4.660717,8.808342,291.64142,1.559535580318239e-06
59353.996,0.009606466,4.6534276,8.807773,291.64127,1.5507308101705522e-06
59354.996,0.009607495,4.650801,8.807205,291.64114,1.5257129044638802e-06
59355.06,0.009605563,4.6512823,8.806636,291.64096,1.5553463452735862e-06
59355.12,0.009603395,4.6517634,8.806067,291.64084,1.5336163984023862e-06
59355.188,0.009601444,4.652245,8.805499,291.64072,1.5186906664742876e-06
59355.25,0.009599655,4.652726,8.80493,291.64056,1.52969373457203e-06
59355.32,0.009597867,4.653208,8.804361,291.64044,1.5197959213410984e-06
59355.383,0.009596158,4.653689,8.803793,291.64032,1.5297100964335226e-06
59356.13,0.009595086,4.6541705,8.803225,291.64017,1.586833727482235e-06
59357.168,0.009594137,4.6546516,8.802656,291.64,1.5824035565914273e-06
59358.21,0.009593085,4.6551332,8.802088,291.63986,1.5594906875510016e-06
59359.246,0.009592033,4.6556144,8.801518,291.63974,1.5673778711050597e-06
59360.28,0.009590981,4.6560955,8.80095,291.63962,1.4974641334437553e-06
59361.324,0.009589928,4.656577,8.800382,291.63947,1.5142995557278211e-06
59362.363,0.009588876,4.6570587,8.799813,291.63934,1.5198199973981144e-06
59363.406,0.009587824,4.6575403,8.799245,291.6392,1.5543817539671633e-06
59364.44,0.009586773,4.6580215,8.7986765,291.63907,1.550932321526115e-06
59365.477,0.0095857205,4.6585026,8.798108,291.63892,1.5230190053482797e-06
59366.51,0.009584668,4.658984,8.79754,291.63876,1.5319169151056015e-06
59367.555,0.0095841605,4.6594653,8.796971,291.63864,1.5317150627728842e-06
59368.594,0.009583751,4.659947,8.796403,291.6385,1.5307084207742562e-06
59369.637,0.00958272,4.6604285,8.795834,291.63837,1.5179920943525832e-06
59370.67,0.00958169,4.660717,8.795266,291.63824,1.5349620784569637e-06
59371.707,0.009580659,4.660717,8.794697,291.6381,1.4991700940454924e-06
59372.75,0.009579628,4.662363,8.794128,291.63794,1.5416844831300174e-06
59373.79,0.009578597,4.664009,8.79356,291.6378,1.5318841529694508e-06
59374.824,0.009577567,4.6656547,8.792992,291.63766,1.5277391261078987e-06
59375.867,0.009576536,4.667301,8.792422,291.63754,1.5205779619680825e-06
59376.902,0.009575505,4.6689467,8.791854,291.6374,1.5185748459037779e-06
59377.945,0.009574474,4.670593,8.7912855,291.63727,1.5297596627374448e-06
59378.984,0.009573444,4.6767535,8.790717,291.63712,1.549112287728005e-06
59380.02,0.009572413,4.681127,8.790149,291.63696,1.4927966054824664e-06
59381.062,0.009571381,4.681127,8.789579,291.63684,1.4865286369390281e-06
59382.098,0.009570722,4.681127,8.789012,291.6367,1.5111317757144526e-06
59383.133,0.009570024,4.6767535,8.788443,291.63657,1.5471080893955612e-06
59384.18,0.009568667,4.6683707,8.787874,291.6364,1.533721816791812e-06
59385.215,0.009567309,4.6578016,8.787307,291.6363,1.5331549339351583e-06
59386.25,0.009565952,4.650512,8.786737,291.63617,1.5371878830659261e-06
59387.293,0.009564594,4.6478953,8.786169,291.636,1.5208927941371321e-06
59388.33,0.009563237,4.6452785,8.785601,291.63586,1.498548399729195e-06
59389.367,0.0095618805,4.642662,8.785032,291.6357,1.5322132560524819e-06
59390.41,0.009560525,4.6403065,8.784463,291.6356,1.5319162951975548e-06
59391.445,0.009559192,4.6403065,8.783895,291.63547,1.5043417973983565e-06
59392.49,0.009557218,4.6403065,8.783326,291.6353,1.5641587626006481e-06
59393.523,0.009554969,4.6468673,8.782758,291.6352,1.52052065700629e-06
59394.562,0.009552722,4.6509557,8.782189,291.635,1.5086652854229102e-06
59395.668,0.009549339,4.6518426,8.78162,291.6349,1.51275757830343e-06
59396.78,0.009546263,4.6527305,8.781053,291.63477,1.52677088760907e-06
59397.902,0.009538725,4.653618,8.780483,291.6346,1.5110517845624926e-06
59399.016,0.009529548,4.6545053,8.779915,291.6345,1.5365598607557303e-06
59400.137,0.009529413,4.6553926,8.779346,291.63437,1.5467029629091513e-06
59401.25,0.009531791,4.65628,8.778777,291.63422,1.4922992259768913e-06
59402.37,0.009534169,4.6571674,8.778209,291.63406,1.522465332852792e-06
59403.484,0.0095365755,4.658055,8.77764,291.6339,1.5257047719290125e-06
59404.605,0.009539108,4.658942,8.777072,291.6338,1.5039798212108643e-06
59405.72,0.009540307,4.6598296,8.776504,291.63367,1.549129633925219e-06
59406.84,0.00954025,4.660717,8.775935,291.6335,1.524424528453454e-06
59407.953,0.009539915,4.652867,8.775367,291.6334,1.5570809084499431e-06
59409.074,0.009539768,4.65149,8.774798,291.63327,1.526979415240019e-06
59410.195,0.009539011,4.652889,8.77423,291.63315,1.5216601948152868e-06
59411.31,0.009538184,4.6542864,8.773661,291.63303,1.514946954021303e-06
59412.43,0.009537096,4.6556845,8.773491,291.63287,1.499645244286985e-06
59413.543,0.0095354915,4.6570826,8.773491,291.63275,1.5322437776914178e-06
59414.664,0.009533879,4.65848,8.773491,291.63257,1.5069188641172348e-06
59415.777,0.0095322635,4.6598783,8.773491,291.63245,1.4907012538001215e-06
59416.9,0.009530648,4.661276,8.773491,291.6323,1.513165842297669e-06
59418.01,0.009529032,4.662674,8.773491,291.6321,1.5195364464935482e-06
59419.133,0.009527416,4.664072,8.773491,291.63196,1.522136211346323e-06
59420.246,0.0095258,4.66547,8.773491,291.63177,1.5190487928946616e-06
59421.367,0.009524185,4.666868,8.773491,291.63162,1.565448254004309e-06
59422.48,0.009522569,4.668266,8.773491,291.63144,1.5496068628197304e-06
59423.6,0.0095209535,4.669664,8.773491,291.6313,1.4980165678522733e-06
59448.035,0.009518403,4.6701927,8.773491,291.6311,1.5067254879075712e-06
59472.473,0.009507441,4.6629043,8.773491,291.63098,1.4976418540803274e-06
59496.902,0.009496088,4.6588855,8.773491,291.6308,1.5305156348879164e-06
59521.344,0.009485756,4.6562686,8.773491,291.63058,1.4995159958736487e-06
59545.773,0.009482469,4.6536517,8.773491,291.6302,1.5037371897523872e-06
59570.21,0.009482414,4.6510353,8.773491,291.62982,1.50685238460156e-06
59570.227,0.009483319,4.6446805,8.773491,291.6294,1.532733292602607e-06
59553.95,0.009490582,4.6403065,8.773491,291.62903,1.5472571134856291e-06
59537.688,0.009498846,4.6403065,8.773491,291.62866,1.5282522933995527e-06
59521.418,0.009505071,4.6403065,8.773491,291.62827,1.479707108079768e-06
59505.152,0.009512505,4.643223,8.773491,291.62808,1.5227147253813097e-06
59488.883,0.009517778,4.650512,8.773491,291.6279,1.496183623370219e-06
59480.543,0.009520261,4.65197,8.773491,291.6277,1.513368847163397e-06
59473.086,0.009521,4.6534276,8.773491,291.62753,1.5245027598266672e-06
59465.63,0.009521739,4.6548853,8.773491,291.62732,1.49442300793374e-06
59458.176,0.009522478,4.6563435,8.773491,291.62717,1.5136034306602107e-06
59450.72,0.009523128,4.6578016,8.773491,291.62695,1.5457466388021991e-06
59443.26,0.009522985,4.6592593,8.773491,291.6268,1.5401265773693149e-06
59439.617,0.009522789,4.660717,8.773491,291.6266,1.5173087817251865e-06
59439.773,0.00952257,4.660717,8.773491,291.62643,1.509197819323221e-06
59439.934,0.009522352,4.6621747,8.773491,291.62622,1.5192909146761096e-06
59440.098,0.0095221335,4.664604,8.773491,291.62607,1.5147914948106723e-06
59440.258,0.009521915,4.6670346,8.773491,291.62585,1.5023313511702304e-06
59440.414,0.009518784,4.669464,8.773491,291.6257,1.5164770603581728e-06
59440.574,0.009514845,4.6718936,8.773491,291.6255,1.5382162265579736e-06
59440.74,0.009513382,4.674324,8.773457,291.62534,1.5118810457604387e-06
59440.9,0.00951288,4.6767535,8.773287,291.62515,1.5171883318591857e-06
59441.055,0.009512378,4.6791835,8.773117,291.62497,1.5297554870194927e-06
59441.22,0.009511876,4.6796694,8.772946,291.6248,1.5261460369863756e-06
59441.38,0.009511374,4.67238,8.772777,291.6246,1.4895756571273855e-06
59441.535,0.009510872,4.659988,8.772606,291.62442,1.4852590501791895e-06
59441.695,0.00951037,4.6526985,8.772436,291.62424,1.5058400285380038e-06
59441.86,0.009509868,4.647027,8.772266,291.62405,1.518276010595708e-06
59442.02,0.00950967,4.642049,8.772096,291.62384,1.4973427398961003e-06
59442.176,0.00950923,4.6370707,8.771926,291.6237,1.5024597164471574e-06
59442.34,0.009508516,4.632093,8.771755,291.62347,1.5006360851355302e-06
59442.71,0.0095078,4.634812,8.771585,291.62332,1.5404135285163513e-06
59443.227,0.009506842,4.6403065,8.771416,291.6231,1.5055913687176007e-06
59443.746,0.009505761,4.641985,8.771246,291.62296,1.4891979290965305e-06
59444.26,0.009505988,4.6461782,8.771075,291.62274,1.5259145177066153e-06
59444.777,0.009506341,4.650372,8.7709055,291.6226,1.5195467898947923e-06
59445.293,0.009506696,4.654566,8.770735,291.62238,1.5253872199587409e-06
59446.137,0.009507169,4.65876,8.770565,291.62222,1.5061111785796555e-06
59448.273,0.009507922,4.662954,8.770395,291.62204,1.5235659973204263e-06
59450.41,0.009508018,4.6671476,8.770225,291.62186,1.521268366561299e-06
59452.55,0.009507823,4.6701374,8.770055,291.62167,1.4979639932243168e-06
59454.688,0.009507336,4.662287,8.769885,291.6215,1.5419731092970534e-06
59456.824,0.009506849,4.660717,8.769715,291.6213,1.490075987897798e-06
59458.965,0.009506362,4.660717,8.769545,291.62112,1.5152134290914817e-06
59461.1,0.0095058745,4.660717,8.769375,291.62094,1.4942137198026367e-06
59463.24,0.009505387,4.660717,8.769205,291.62076,1.4977067647469417e-06
59465.375,0.0095049,4.660717,8.769034,291.62057,1.5155453486205015e-06
59467.516,0.009504413,4.660717,8.768865,291.6204,1.5407865576161605e-06
59469.652,0.009503926,4.660717,8.768695,291.6202,1.5061783401981859e-06
59470.746,0.009503439,4.660717,8.768524,291.62003,1.510589369973581e-06
59470.266,0.009502952,4.660717,8.768354,291.61984,1.4651371697924938e-06
59469.785,0.009502465,4.660717,8.768184,291.61963,1.5115567556585143e-06
59469.31,0.009501978,4.660717,8.768014,291.61948,1.4926629057329068e-06
59468.82,0.00950149,4.660717,8.767844,291.61926,1.5204487909868688e-06
59468.34,0.009501004,4.660717,8.767674,291.6191,1.5050667006293693e-06
59467.863,0.009500516,4.660717,8.767504,291.61893,1.535954102645973e-06
59471.74,0.0095000295,4.660717,8.767334,291.61874,1.4907413960268158e-06
59475.61,0.0094995415,4.660717,8.767163,291.61856,1.5257841673266637e-06
59479.484,0.009499055,4.660717,8.7669935,291.61838,1.5098304355009462e-06
59483.355,0.009498568,4.660717,8.766824,291.6182,1.5266560651074998e-06
59487.234,0.009498081,4.660717,8.766653,291.618,1.5161378298419494e-06
59494.88,0.009495868,4.6563435,8.766483,291.61783,1.5150803228613515e-06
59511.34,0.00949232,4.650729,8.766313,291.61765,1.5118583547645684e-06
59527.805,0.009487181,4.651815,8.766143,291.61746,1.4854767806597513e-06
59544.266,0.009480728,4.6529,8.765973,291.61728,1.5267356420155992e-06
59560.73,0.009476705,4.653986,8.765803,291.6171,1.5257622394377665e-06
59577.19,0.009475903,4.6550717,8.765634,291.6169,1.508264405184589e-06
59593.656,0.009480216,4.6561575,8.765463,291.61673,1.5020008357749006e-06
59583.887,0.009485098,4.6572433,8.765293,291.61655,1.5055248322139935e-06
59571.207,0.00948968,4.6583285,8.765122,291.61636,1.5147901383067107e-06
59558.523,0.009493491,4.6594143,8.764953,291.61618,1.5192555198804824e-06
59545.85,0.009496237,4.6604996,8.764782,291.616,1.478601074088133e-06
59533.17,0.009498475,4.6665487,8.764612,291.61584,1.5115218187663766e-06
59515.844,0.009500713,4.6702533,8.7644415,291.61563,1.4906737135011011e-06
59456.766,0.009502952,4.66858,8.764272,291.61548,1.513266273053708e-06
59397.684,0.009505443,4.6669073,8.764102,291.61526,1.5298893132296144e-06
59338.6,0.009491676,4.665234,8.763932,291.61508,1.4867546877459603e-06
59279.516,0.009452922,4.663561,8.763762,291.6149,1.5666866916005214e-06
59220.434,0.009423232,4.661888,8.763592,291.61472,1.5077139578590647e-06
59161.348,0.009396515,4.65853,8.763422,291.61453,1.5180377120249872e-06
59147.23,0.009374078,4.651241,8.763286,291.61435,1.4645863761331805e-06
59133.11,0.009349783,4.6513786,8.763286,291.61417,1.481648754843383e-06
59118.984,0.009327034,4.652341,8.764257,291.61398,1.4971427350255424e-06
59104.863,0.009304614,4.653304,8.765472,291.6138,1.490559762894418e-06
59090.74,0.009282272,4.654267,8.766687,291.61362,1.5044340993432744e-06
59076.617,0.0092599355,4.655229,8.767901,291.6134,1.457198896750706e-06
59094.805,0.0092376,4.6561923,8.769117,291.61313,1.4587748798106899e-06
59116.582,0.009207719,4.6571546,8.770332,291.61288,1.424794835599367e-06
59138.363,0.0091734985,4.658118,8.771547,291.61264,1.4233961124731849e-06
59160.137,0.009165053,4.65908,8.772761,291.61243,1.4626475518406245e-06
59181.918,0.0091657825,4.6600432,8.774948,291.61218,1.4522806696609721e-06
59203.69,0.009171008,4.6629043,8.778593,291.61194,1.4470576669266924e-06
59192.223,0.0091812415,4.6701927,8.779322,291.61172,1.4989372347882253e-06
59177.055,0.009192136,4.669311,8.780051,291.61148,1.4472997910901805e-06
59161.883,0.009204516,4.6675205,8.78078,291.61124,1.4032391026059019e-06
59146.715,0.009223096,4.66573,8.781508,291.61102,1.4334583594882732e-06
59131.547,0.009246509,4.66394,8.782238,291.61078,1.4448230287774174e-06
59116.38,0.009265041,4.6621494,8.782967,291.61053,1.4693912517272138e-06
59110.81,0.009281501,4.660359,8.783695,291.61032,1.4955308838499923e-06
59107.633,0.009297962,4.658569,8.784425,291.61008,1.464608946607454e-06
59104.46,0.0093126595,4.6567783,8.785153,291.60983,1.458052062302047e-06
59101.29,0.009315306,4.6549883,8.785882,291.60962,1.4585834601575092e-06
59098.113,0.00931219,4.6531973,8.786612,291.60938,1.4849477035747948e-06
59094.94,0.009309327,4.6514072,8.78734,291.60913,1.4916225176426914e-06
59091.766,0.009306947,4.6468673,8.788069,291.60892,1.4843662942211794e-06
59088.594,0.009305827,4.640511,8.788797,291.60867,1.4753399410872395e-06
59085.42,0.009304708,4.6425524,8.789527,291.60843,1.4980153485724876e-06
59082.246,0.0093035875,4.644593,8.790256,291.60822,1.4214251823741647e-06
59079.074,0.009302468,4.646634,8.790984,291.608,1.455545693598134e-06
59075.902,0.009301349,4.6486754,8.791715,291.6078,1.49193083922252e-06
59075.31,0.009300229,4.651241,8.792443,291.60757,1.4687492125414597e-06
59075.83,0.00929911,4.65853,8.793172,291.60733,1.4799761471983916e-06
59076.344,0.00929799,4.659846,8.793901,291.60715,1.4769315544016201e-06
59076.855,0.00929687,4.6586013,8.79463,291.6069,1.503103925411319e-06
59077.375,0.009296143,4.657357,8.795359,291.60666,1.4929242836158347e-06
59077.895,0.009295875,4.656112,8.796088,291.6064,1.4247992179551316e-06
59078.74,0.009295001,4.6548676,8.796817,291.60617,1.4827078499342572e-06
59080.35,0.009292857,4.653623,8.797545,291.60593,1.4812836868675813e-06
59081.97,0.0092907045,4.652379,8.798275,291.6057,1.42957721905128e-06
59083.59,0.009289302,4.6511345,8.799004,291.60544,1.4885434319635346e-06
59085.203,0.0092879,4.650512,8.799732,291.6052,1.4761445776263184e-06
59086.816,0.009286498,4.650512,8.800462,291.60495,1.4573103084157893e-06
59087.387,0.009284751,4.650512,8.80119,291.60474,1.4735318891914565e-06
59086.91,0.009282199,4.650512,8.801919,291.6045,1.4987885215823493e-06
59086.426,0.009280283,4.650512,8.802649,291.60422,1.4446691231597492e-06
59085.945,0.009277835,4.651241,8.803377,291.604,1.4253001757829458e-06
59085.47,0.009276617,4.65853,8.804106,291.60376,1.4646140890849382e-06
59084.984,0.009275191,4.660717,8.796255,291.60352,1.4864285502299011e-06
59084.69,0.0092736,4.660717,8.794272,291.60327,1.4497764745499697e-06
59086.055,0.009271468,4.660717,8.794805,291.60303,1.451602577233761e-06
59087.418,0.0092695085,4.660717,8.795336,291.60278,1.4763082326547996e-06
59088.785,0.009268127,4.660717,8.795867,291.60257,1.4953546390366016e-06
59090.15,0.009267519,4.660717,8.796399,291.6023,1.437394982699323e-06
59091.51,0.009267063,4.660717,8.79693,291.60205,1.4850754207086968e-06
59092.875,0.009265863,4.660717,8.797462,291.6018,1.4573692790665735e-06
59094.24,0.009264664,4.660717,8.797993,291.6016,1.4507051795216554e-06
59095.6,0.009263464,4.660717,8.798525,291.60132,1.434326764572785e-06
59096.97,0.009263007,4.660717,8.799056,291.60107,1.4566818844468712e-06
59098.332,0.009264279,4.6592593,8.799588,291.60086,1.4702924026210718e-06
59099.688,0.009265551,4.65197,8.800119,291.60062,1.4640040209712445e-06
59101.035,0.009266825,4.6510634,8.800651,291.60034,1.4885413904381877e-06
59102.38,0.009268098,4.6517534,8.801182,291.60013,1.4667527952197422e-06
59103.727,0.009268942,4.6524425,8.801714,291.59988,1.4628768375617158e-06
59105.074,0.009269838,4.653132,8.802245,291.59964,1.5182702589064108e-06
59106.418,0.009270835,4.653822,8.802777,291.5994,1.4479801651145715e-06
59107.766,0.00927183,4.654511,8.8033085,291.59915,1.4791446038761602e-06
59109.113,0.009272827,4.655201,8.80384,291.5989,1.4922454142330898e-06
59110.457,0.009273823,4.6558905,8.802283,291.5987,1.4797098269736441e-06
59111.8,0.00927482,4.6565795,8.798957,291.59842,1.462546146934291e-06
59113.152,0.009275815,4.6572695,8.7984915,291.59818,1.448699110582483e-06
59114.496,0.009276811,4.657959,8.798026,291.59793,1.4553982141510803e-06
59115.84,0.009277808,4.658648,8.797562,291.59772,1.4702272763655e-06
59117.19,0.009278803,4.659338,8.797096,291.59744,1.4508078940830734e-06
59118.535,0.0092798,4.6600275,8.796631,291.5972,1.4511869837862525e-06
59119.883,0.009280796,4.660717,8.796165,291.597,1.4590854114718567e-06
59121.227,0.009281263,4.6534276,8.7957,291.59674,1.4656859196775866e-06
59122.574,0.009280495,4.6513743,8.795235,291.59653,1.4290539600995535e-06
59123.92,0.009279728,4.652812,8.794769,291.5965,1.435868974006259e-06
59125.266,0.00927896,4.654249,8.794304,291.59644,1.4658692465291443e-06
59169.3,0.009278192,4.6556864,8.7938385,291.5964,1.4872968901183795e-06
59213.332,0.009277425,4.657124,8.793373,291.59637,1.4378697031646322e-06
59257.367,0.009276656,4.658561,8.792908,291.59634,1.4675684496584137e-06
59301.402,0.009290496,4.6599984,8.792442,291.5963,1.4710441956403244e-06
59345.43,0.009316822,4.6646423,8.791977,291.5961,1.4596244317692325e-06
59389.465,0.00935212,4.6709223,8.791512,291.59592,1.5044411480754072e-06
59431.02,0.009372015,4.6709223,8.791046,291.5957,1.5055771472720016e-06
59471.52,0.009388791,4.6709223,8.790581,291.59546,1.4793945477004143e-06
59512.016,0.0094035175,4.6709223,8.790116,291.59528,1.5073472025467255e-06
59552.51,0.009403059,4.6709223,8.789651,291.59506,1.4465361695190928e-06
59593.008,0.009395793,4.6709223,8.789186,291.59488,1.4557949806612677e-06
59633.51,0.009394513,4.663633,8.78872,291.59467,1.4838613118772888e-06
59745.73,0.009414889,4.660717,8.788255,291.59442,1.4759507283325472e-06
59875.88,0.009431916,4.660717,8.787789,291.59424,1.4973596871429028e-06
60006.04,0.009450909,4.660717,8.787324,291.59402,1.5003299083290227e-06
60136.188,0.009505076,4.660717,8.7868595,291.59384,1.5261162734442749e-06
60266.36,0.009560761,4.660717,8.786394,291.59363,1.5096203131255589e-06
60396.688,0.009617977,4.660717,8.785929,291.59338,1.5314319882856357e-06
60566.53,0.009673434,4.660717,8.785463,291.5932,1.5662690147664483e-06
60753.312,0.009722687,4.660717,8.784998,291.593,1.5500678140600058e-06
60940.1,0.009765616,4.660717,8.7845335,291.5928,1.5945317508881241e-06
61126.89,0.009776693,4.660717,8.784068,291.5926,1.5989570301268123e-06
61313.67,0.0097728735,4.660717,8.78291,291.59235,1.586988353792328e-06
61500.453,0.0097746765,4.660717,8.778985,291.59216,1.570726956384263e-06
61467.04,0.009790701,4.660717,8.776792,291.59195,1.5465947051013406e-06
61286.812,0.009775402,4.660717,8.774791,291.59177,1.5728152275631993e-06
61106.594,0.009768538,4.660717,8.772791,291.59155,1.5616638231886306e-06
60926.375,0.009757164,4.660717,8.770789,291.59137,1.5828318575509388e-06
60746.15,0.009745019,4.660717,8.768788,291.59113,1.5851071110510733e-06
60565.93,0.009732597,4.6548853,8.762556,291.5909,1.5684660902894088e-06
60475.07,0.009720128,4.650512,8.75777,291.59073,1.5594363698918081e-06
60473.58,0.009707689,4.650512,8.75674,291.5905,1.6077553599013107e-06
60472.082,0.009696721,4.650512,8.755708,291.59033,1.5459250006692244e-06
60470.59,0.009662513,4.650512,8.754678,291.5901,1.5301504608287972e-06
60469.094,0.009617032,4.650512,8.753647,291.58987,1.551516859761002e-06
60467.598,0.009557129,4.6548853,8.752616,291.5897,1.5095657509370247e-06
